<Protocols>
<RevealProtocol Name="Hyppo">
<Detector Name="Spike">
<Montage AlwaysUseGrid2="1" MasterControl="2" UvPerMM="7 uV" LowFilter="1 sec" HighFilter="70 Hz" NotchFilter="(off)" UseScalpSign="0" Use1020Topology="0">
<Channel Name="C3" Definition="C3-Ref" MasterControl="1" Process="1" ChannelCode="0"/>
<Channel Name="C4" Definition="C4-Ref" MasterControl="1" Process="1" ChannelCode="0"/>
<Channel Name="O1" Definition="O1-Ref" MasterControl="1" Process="1" ChannelCode="0"/>
<Channel Name="O2" Definition="O2-Ref" MasterControl="1" Process="1" ChannelCode="0"/>
<Channel Name="A1" Definition="A1-Ref" MasterControl="1" Process="1" ChannelCode="0"/>
<Channel Name="A2" Definition="A2-Ref" MasterControl="1" Process="1" ChannelCode="0"/>
<Channel Name="X1" Definition="X1-Ref" MasterControl="1" Process="1" ChannelCode="0"/>
<Channel Name="X2" Definition="X2-Ref" MasterControl="1" Process="1" ChannelCode="0"/>
<Channel Name="X3" Definition="X3-Ref" MasterControl="1" Process="1" ChannelCode="0"/>
<Channel Name="X4" Definition="X4-Ref" MasterControl="1" Process="1" ChannelCode="0"/>
<Channel Name="X5" Definition="X5-Ref" MasterControl="1" Process="1" ChannelCode="0"/>
<Channel Name="X6" Definition="X6-Ref" MasterControl="1" Process="1" ChannelCode="0"/>
<Channel Name="X7" Definition="X7-Ref" MasterControl="1" Process="1" ChannelCode="0"/>
<Channel Name="X8" Definition="X8-Ref" MasterControl="1" Process="1" ChannelCode="0"/>
<Channel Name="X9" Definition="X9-Ref" MasterControl="1" Process="1" ChannelCode="0"/>
<Channel Name="X10" Definition="X10-Ref" MasterControl="1" Process="1" ChannelCode="0"/>
<Channel Name="DIF1" Definition="DIF1-Ref" MasterControl="1" Process="1" ChannelCode="0"/>
<Channel Name="DIF2" Definition="DIF2-Ref" MasterControl="1" Process="1" ChannelCode="0"/>
<Channel Name="DC1" Definition="DC1-Ref" MasterControl="5 uv" Process="1" ChannelCode="0"/>
<Channel Name="DC2" Definition="DC2-Ref" MasterControl="5 uv" Process="1" ChannelCode="0"/>
<Channel Name="DC3" Definition="DC3-Ref" MasterControl="5 uv" Process="1" ChannelCode="0"/>
<Channel Name="DC4" Definition="DC4-Ref" MasterControl="5 uv" Process="1" ChannelCode="0"/>
<Channel Name="DC5" Definition="DC5-Ref" MasterControl="5 uv" Process="1" ChannelCode="0"/>
<Channel Name="DC6" Definition="DC6-Ref" MasterControl="5 uv" Process="1" ChannelCode="0"/>

</Montage>

<Settings>
<Event Name="Spike" Type="0" Detect="1" Perception="0.1" Duration="0"/>
<Event Name="Spike" Type="1" Detect="0" Perception="0.8" Duration="0"/>
<Event Name="SpikeBurst" Type="0" Detect="0" Perception="0.1" Duration="1"/>
<Event Name="SpikeBurst" Type="1" Detect="1" Perception="0.5" Duration="20"/>
</Settings>
</Detector>

<Detector Name="Seizure">
<Montage AlwaysUseGrid2="1" MasterControl="2" UvPerMM="7 uV" LowFilter="1 sec" HighFilter="70 Hz" NotchFilter="(off)" UseScalpSign="0" Use1020Topology="0">
<Channel Name="C3" Definition="C3-Ref" MasterControl="1" Process="1" ChannelCode="0"/>
<Channel Name="C4" Definition="C4-Ref" MasterControl="1" Process="1" ChannelCode="0"/>
<Channel Name="O1" Definition="O1-Ref" MasterControl="1" Process="1" ChannelCode="0"/>
<Channel Name="O2" Definition="O2-Ref" MasterControl="1" Process="1" ChannelCode="0"/>
<Channel Name="A1" Definition="A1-Ref" MasterControl="1" Process="1" ChannelCode="0"/>
<Channel Name="A2" Definition="A2-Ref" MasterControl="1" Process="1" ChannelCode="0"/>
<Channel Name="X1" Definition="X1-Ref" MasterControl="1" Process="1" ChannelCode="0"/>
<Channel Name="X2" Definition="X2-Ref" MasterControl="1" Process="1" ChannelCode="0"/>
<Channel Name="X3" Definition="X3-Ref" MasterControl="1" Process="1" ChannelCode="0"/>
<Channel Name="X4" Definition="X4-Ref" MasterControl="1" Process="1" ChannelCode="0"/>
<Channel Name="X5" Definition="X5-Ref" MasterControl="1" Process="1" ChannelCode="0"/>
<Channel Name="X6" Definition="X6-Ref" MasterControl="1" Process="1" ChannelCode="0"/>
<Channel Name="X7" Definition="X7-Ref" MasterControl="1" Process="1" ChannelCode="0"/>
<Channel Name="X8" Definition="X8-Ref" MasterControl="1" Process="1" ChannelCode="0"/>
<Channel Name="X9" Definition="X9-Ref" MasterControl="1" Process="1" ChannelCode="0"/>
<Channel Name="X10" Definition="X10-Ref" MasterControl="1" Process="1" ChannelCode="0"/>
<Channel Name="DIF1" Definition="DIF1-Ref" MasterControl="1" Process="1" ChannelCode="0"/>
<Channel Name="DIF2" Definition="DIF2-Ref" MasterControl="1" Process="1" ChannelCode="0"/>
<Channel Name="DC1" Definition="DC1-Ref" MasterControl="5 uv" Process="1" ChannelCode="0"/>
<Channel Name="DC2" Definition="DC2-Ref" MasterControl="5 uv" Process="1" ChannelCode="0"/>
<Channel Name="DC3" Definition="DC3-Ref" MasterControl="5 uv" Process="1" ChannelCode="0"/>
<Channel Name="DC4" Definition="DC4-Ref" MasterControl="5 uv" Process="1" ChannelCode="0"/>
<Channel Name="DC5" Definition="DC5-Ref" MasterControl="5 uv" Process="1" ChannelCode="0"/>
<Channel Name="DC6" Definition="DC6-Ref" MasterControl="5 uv" Process="1" ChannelCode="0"/>
</Montage>

<Settings>
<Event Name="RhythmicBurst" Type="0" Detect="0" Perception="0.1" Duration="4"/>
<Event Name="RhythmicBurst" Type="1" Detect="1" Perception="0.5" Duration="20"/>
</Settings>
</Detector>
</RevealProtocol>
<RevealProtocol Name="EEG128">
<Detector Name="Spike">
<Montage AlwaysUseGrid2="1" MasterControl="0" UvPerMM="50 uV" LowFilter="1 sec" HighFilter="70 Hz" NotchFilter="(off)" UseScalpSign="0" Use1020Topology="0">
<Channel Name="C1" Definition="C1-Ref" MasterControl="1" Process="1" ChannelCode="0"/>
<Channel Name="C2" Definition="C2-Ref" MasterControl="1" Process="1" ChannelCode="0"/>
<Channel Name="C3" Definition="C3-Ref" MasterControl="1" Process="1" ChannelCode="0"/>
<Channel Name="C4" Definition="C4-Ref" MasterControl="1" Process="1" ChannelCode="0"/>
<Channel Name="C5" Definition="C5-Ref" MasterControl="1" Process="1" ChannelCode="0"/>
<Channel Name="C6" Definition="C6-Ref" MasterControl="1" Process="1" ChannelCode="0"/>
<Channel Name="C7" Definition="C7-Ref" MasterControl="1" Process="1" ChannelCode="0"/>
<Channel Name="C8" Definition="C8-Ref" MasterControl="1" Process="1" ChannelCode="0"/>
<Channel Name="C9" Definition="C9-Ref" MasterControl="1" Process="1" ChannelCode="0"/>
<Channel Name="C10" Definition="C10-Ref" MasterControl="1" Process="1" ChannelCode="0"/>
<Channel Name="C11" Definition="C11-Ref" MasterControl="1" Process="1" ChannelCode="0"/>
<Channel Name="C12" Definition="C12-Ref" MasterControl="1" Process="1" ChannelCode="0"/>
<Channel Name="C13" Definition="C13-Ref" MasterControl="1" Process="1" ChannelCode="0"/>
<Channel Name="C14" Definition="C14-Ref" MasterControl="1" Process="1" ChannelCode="0"/>
<Channel Name="C15" Definition="C15-Ref" MasterControl="1" Process="1" ChannelCode="0"/>
<Channel Name="C16" Definition="C16-Ref" MasterControl="1" Process="1" ChannelCode="0"/>
<Channel Name="C17" Definition="C17-Ref" MasterControl="1" Process="1" ChannelCode="0"/>
<Channel Name="C18" Definition="C18-Ref" MasterControl="1" Process="1" ChannelCode="0"/>
<Channel Name="C19" Definition="C19-Ref" MasterControl="1" Process="1" ChannelCode="0"/>
<Channel Name="C20" Definition="C20-Ref" MasterControl="1" Process="1" ChannelCode="0"/>
<Channel Name="C21" Definition="C21-Ref" MasterControl="1" Process="1" ChannelCode="0"/>
<Channel Name="C22" Definition="C22-Ref" MasterControl="1" Process="1" ChannelCode="0"/>
<Channel Name="C23" Definition="C23-Ref" MasterControl="1" Process="1" ChannelCode="0"/>
<Channel Name="C24" Definition="C24-Ref" MasterControl="1" Process="1" ChannelCode="0"/>
<Channel Name="C25" Definition="C25-Ref" MasterControl="1" Process="1" ChannelCode="0"/>
<Channel Name="C26" Definition="C26-Ref" MasterControl="1" Process="1" ChannelCode="0"/>
<Channel Name="C27" Definition="C27-Ref" MasterControl="1" Process="1" ChannelCode="0"/>
<Channel Name="C28" Definition="C28-Ref" MasterControl="1" Process="1" ChannelCode="0"/>
<Channel Name="C29" Definition="C29-Ref" MasterControl="1" Process="1" ChannelCode="0"/>
<Channel Name="C30" Definition="C30-Ref" MasterControl="1" Process="1" ChannelCode="0"/>
<Channel Name="C31" Definition="C31-Ref" MasterControl="1" Process="1" ChannelCode="0"/>
<Channel Name="C32" Definition="C32-Ref" MasterControl="1" Process="1" ChannelCode="0"/>
<Channel Name="C33" Definition="C33-Ref" MasterControl="1" Process="1" ChannelCode="0"/>
<Channel Name="C34" Definition="C34-Ref" MasterControl="1" Process="1" ChannelCode="0"/>
<Channel Name="C35" Definition="C35-Ref" MasterControl="1" Process="1" ChannelCode="0"/>
<Channel Name="C36" Definition="C36-Ref" MasterControl="1" Process="1" ChannelCode="0"/>
<Channel Name="C37" Definition="C37-Ref" MasterControl="1" Process="1" ChannelCode="0"/>
<Channel Name="C38" Definition="C38-Ref" MasterControl="1" Process="1" ChannelCode="0"/>
<Channel Name="C39" Definition="C39-Ref" MasterControl="1" Process="1" ChannelCode="0"/>
<Channel Name="C40" Definition="C40-Ref" MasterControl="1" Process="1" ChannelCode="0"/>
<Channel Name="C41" Definition="C41-Ref" MasterControl="1" Process="1" ChannelCode="0"/>
<Channel Name="C42" Definition="C42-Ref" MasterControl="1" Process="1" ChannelCode="0"/>
<Channel Name="C43" Definition="C43-Ref" MasterControl="1" Process="1" ChannelCode="0"/>
<Channel Name="C44" Definition="C44-Ref" MasterControl="1" Process="1" ChannelCode="0"/>
<Channel Name="C45" Definition="C45-Ref" MasterControl="1" Process="1" ChannelCode="0"/>
<Channel Name="C46" Definition="C46-Ref" MasterControl="1" Process="1" ChannelCode="0"/>
<Channel Name="C47" Definition="C47-Ref" MasterControl="1" Process="1" ChannelCode="0"/>
<Channel Name="C48" Definition="C48-Ref" MasterControl="1" Process="1" ChannelCode="0"/>
<Channel Name="C49" Definition="C49-Ref" MasterControl="1" Process="1" ChannelCode="0"/>
<Channel Name="C50" Definition="C50-Ref" MasterControl="1" Process="1" ChannelCode="0"/>
<Channel Name="C51" Definition="C51-Ref" MasterControl="1" Process="1" ChannelCode="0"/>
<Channel Name="C52" Definition="C52-Ref" MasterControl="1" Process="1" ChannelCode="0"/>
<Channel Name="C53" Definition="C53-Ref" MasterControl="1" Process="1" ChannelCode="0"/>
<Channel Name="C54" Definition="C54-Ref" MasterControl="1" Process="1" ChannelCode="0"/>
<Channel Name="C55" Definition="C55-Ref" MasterControl="1" Process="1" ChannelCode="0"/>
<Channel Name="C56" Definition="C56-Ref" MasterControl="1" Process="1" ChannelCode="0"/>
<Channel Name="C57" Definition="C57-Ref" MasterControl="1" Process="1" ChannelCode="0"/>
<Channel Name="C58" Definition="C58-Ref" MasterControl="1" Process="1" ChannelCode="0"/>
<Channel Name="C59" Definition="C59-Ref" MasterControl="1" Process="1" ChannelCode="0"/>
<Channel Name="C60" Definition="C60-Ref" MasterControl="1" Process="1" ChannelCode="0"/>
<Channel Name="C61" Definition="C61-Ref" MasterControl="1" Process="1" ChannelCode="0"/>
<Channel Name="C62" Definition="C62-Ref" MasterControl="1" Process="1" ChannelCode="0"/>
<Channel Name="C63" Definition="C63-Ref" MasterControl="1" Process="1" ChannelCode="0"/>
<Channel Name="C64" Definition="C64-Ref" MasterControl="1" Process="1" ChannelCode="0"/>
<Channel Name="C65" Definition="C65-Ref" MasterControl="1" Process="1" ChannelCode="0"/>
<Channel Name="C66" Definition="C66-Ref" MasterControl="1" Process="1" ChannelCode="0"/>
<Channel Name="C67" Definition="C67-Ref" MasterControl="1" Process="1" ChannelCode="0"/>
<Channel Name="C68" Definition="C68-Ref" MasterControl="1" Process="1" ChannelCode="0"/>
<Channel Name="C69" Definition="C69-Ref" MasterControl="1" Process="1" ChannelCode="0"/>
<Channel Name="C70" Definition="C70-Ref" MasterControl="1" Process="1" ChannelCode="0"/>
<Channel Name="C71" Definition="C71-Ref" MasterControl="1" Process="1" ChannelCode="0"/>
<Channel Name="C72" Definition="C72-Ref" MasterControl="1" Process="1" ChannelCode="0"/>
<Channel Name="C73" Definition="C73-Ref" MasterControl="1" Process="1" ChannelCode="0"/>
<Channel Name="C74" Definition="C74-Ref" MasterControl="1" Process="1" ChannelCode="0"/>
<Channel Name="C75" Definition="C75-Ref" MasterControl="1" Process="1" ChannelCode="0"/>
<Channel Name="C76" Definition="C76-Ref" MasterControl="1" Process="1" ChannelCode="0"/>
<Channel Name="C77" Definition="C77-Ref" MasterControl="1" Process="1" ChannelCode="0"/>
<Channel Name="C78" Definition="C78-Ref" MasterControl="1" Process="1" ChannelCode="0"/>
<Channel Name="C79" Definition="C79-Ref" MasterControl="1" Process="1" ChannelCode="0"/>
<Channel Name="C80" Definition="C80-Ref" MasterControl="1" Process="1" ChannelCode="0"/>
<Channel Name="C81" Definition="C81-Ref" MasterControl="1" Process="1" ChannelCode="0"/>
<Channel Name="C82" Definition="C82-Ref" MasterControl="1" Process="1" ChannelCode="0"/>
<Channel Name="C83" Definition="C83-Ref" MasterControl="1" Process="1" ChannelCode="0"/>
<Channel Name="C84" Definition="C84-Ref" MasterControl="1" Process="1" ChannelCode="0"/>
<Channel Name="C85" Definition="C85-Ref" MasterControl="1" Process="1" ChannelCode="0"/>
<Channel Name="C86" Definition="C86-Ref" MasterControl="1" Process="1" ChannelCode="0"/>
<Channel Name="C87" Definition="C87-Ref" MasterControl="1" Process="1" ChannelCode="0"/>
<Channel Name="C88" Definition="C88-Ref" MasterControl="1" Process="1" ChannelCode="0"/>
<Channel Name="C89" Definition="C89-Ref" MasterControl="1" Process="1" ChannelCode="0"/>
<Channel Name="C90" Definition="C90-Ref" MasterControl="1" Process="1" ChannelCode="0"/>
<Channel Name="C91" Definition="C91-Ref" MasterControl="1" Process="1" ChannelCode="0"/>
<Channel Name="C92" Definition="C92-Ref" MasterControl="1" Process="1" ChannelCode="0"/>
<Channel Name="C93" Definition="C93-Ref" MasterControl="1" Process="1" ChannelCode="0"/>
<Channel Name="C94" Definition="C94-Ref" MasterControl="1" Process="1" ChannelCode="0"/>
<Channel Name="C95" Definition="C95-Ref" MasterControl="1" Process="1" ChannelCode="0"/>
<Channel Name="C96" Definition="C96-Ref" MasterControl="1" Process="1" ChannelCode="0"/>
<Channel Name="C97" Definition="C97-Ref" MasterControl="1" Process="1" ChannelCode="0"/>
<Channel Name="C98" Definition="C98-Ref" MasterControl="1" Process="1" ChannelCode="0"/>
<Channel Name="C99" Definition="C99-Ref" MasterControl="1" Process="1" ChannelCode="0"/>
<Channel Name="C100" Definition="C100-Ref" MasterControl="1" Process="1" ChannelCode="0"/>
<Channel Name="C101" Definition="C101-Ref" MasterControl="1" Process="1" ChannelCode="0"/>
<Channel Name="C102" Definition="C102-Ref" MasterControl="1" Process="1" ChannelCode="0"/>
<Channel Name="C103" Definition="C103-Ref" MasterControl="1" Process="1" ChannelCode="0"/>
<Channel Name="C104" Definition="C104-Ref" MasterControl="1" Process="1" ChannelCode="0"/>
<Channel Name="C105" Definition="C105-Ref" MasterControl="1" Process="1" ChannelCode="0"/>
<Channel Name="C106" Definition="C106-Ref" MasterControl="1" Process="1" ChannelCode="0"/>
<Channel Name="C107" Definition="C107-Ref" MasterControl="1" Process="1" ChannelCode="0"/>
<Channel Name="C108" Definition="C108-Ref" MasterControl="1" Process="1" ChannelCode="0"/>
<Channel Name="C109" Definition="C109-Ref" MasterControl="1" Process="1" ChannelCode="0"/>
<Channel Name="C110" Definition="C110-Ref" MasterControl="1" Process="1" ChannelCode="0"/>
<Channel Name="C111" Definition="C111-Ref" MasterControl="1" Process="1" ChannelCode="0"/>
<Channel Name="C112" Definition="C112-Ref" MasterControl="1" Process="1" ChannelCode="0"/>
<Channel Name="C113" Definition="C113-Ref" MasterControl="1" Process="1" ChannelCode="0"/>
<Channel Name="C114" Definition="C114-Ref" MasterControl="1" Process="1" ChannelCode="0"/>
<Channel Name="C115" Definition="C115-Ref" MasterControl="1" Process="1" ChannelCode="0"/>
<Channel Name="C116" Definition="C116-Ref" MasterControl="1" Process="1" ChannelCode="0"/>
<Channel Name="C117" Definition="C117-Ref" MasterControl="1" Process="1" ChannelCode="0"/>
<Channel Name="C118" Definition="C118-Ref" MasterControl="1" Process="1" ChannelCode="0"/>
<Channel Name="C119" Definition="C119-Ref" MasterControl="1" Process="1" ChannelCode="0"/>
<Channel Name="C120" Definition="C120-Ref" MasterControl="1" Process="1" ChannelCode="0"/>
<Channel Name="C121" Definition="C121-Ref" MasterControl="1" Process="1" ChannelCode="0"/>
<Channel Name="C122" Definition="C122-Ref" MasterControl="1" Process="1" ChannelCode="0"/>
<Channel Name="C123" Definition="C123-Ref" MasterControl="1" Process="1" ChannelCode="0"/>
<Channel Name="C124" Definition="C124-Ref" MasterControl="1" Process="1" ChannelCode="0"/>
<Channel Name="C125" Definition="C125-Ref" MasterControl="1" Process="1" ChannelCode="0"/>
<Channel Name="C126" Definition="C126-Ref" MasterControl="1" Process="1" ChannelCode="0"/>
<Channel Name="C127" Definition="C127-Ref" MasterControl="1" Process="1" ChannelCode="0"/>
<Channel Name="C128" Definition="C128-Ref" MasterControl="1" Process="1" ChannelCode="0"/>
</Montage>
<Settings>
<Event Name="Spike" Type="0" Detect="1" Perception="0.1" Duration="0"/>
<Event Name="Spike" Type="1" Detect="0" Perception="0.8" Duration="0"/>
<Event Name="SpikeBurst" Type="0" Detect="0" Perception="0.1" Duration="1"/>
<Event Name="SpikeBurst" Type="1" Detect="1" Perception="0.5" Duration="20"/>
</Settings>
</Detector>
<Detector Name="Seizure">
<Montage AlwaysUseGrid2="1" MasterControl="0" UvPerMM="50 uV" LowFilter="1 sec" HighFilter="70 Hz" NotchFilter="60 Hz">
<Channel Name="C1" Definition="C1-Ref" MasterControl="1" Process="1" ChannelCode="0"/>
<Channel Name="C2" Definition="C2-Ref" MasterControl="1" Process="1" ChannelCode="0"/>
<Channel Name="C3" Definition="C3-Ref" MasterControl="1" Process="1" ChannelCode="0"/>
<Channel Name="C4" Definition="C4-Ref" MasterControl="1" Process="1" ChannelCode="0"/>
<Channel Name="C5" Definition="C5-Ref" MasterControl="1" Process="1" ChannelCode="0"/>
<Channel Name="C6" Definition="C6-Ref" MasterControl="1" Process="1" ChannelCode="0"/>
<Channel Name="C7" Definition="C7-Ref" MasterControl="1" Process="1" ChannelCode="0"/>
<Channel Name="C8" Definition="C8-Ref" MasterControl="1" Process="1" ChannelCode="0"/>
<Channel Name="C9" Definition="C9-Ref" MasterControl="1" Process="1" ChannelCode="0"/>
<Channel Name="C10" Definition="C10-Ref" MasterControl="1" Process="1" ChannelCode="0"/>
<Channel Name="C11" Definition="C11-Ref" MasterControl="1" Process="1" ChannelCode="0"/>
<Channel Name="C12" Definition="C12-Ref" MasterControl="1" Process="1" ChannelCode="0"/>
<Channel Name="C13" Definition="C13-Ref" MasterControl="1" Process="1" ChannelCode="0"/>
<Channel Name="C14" Definition="C14-Ref" MasterControl="1" Process="1" ChannelCode="0"/>
<Channel Name="C15" Definition="C15-Ref" MasterControl="1" Process="1" ChannelCode="0"/>
<Channel Name="C16" Definition="C16-Ref" MasterControl="1" Process="1" ChannelCode="0"/>
<Channel Name="C17" Definition="C17-Ref" MasterControl="1" Process="1" ChannelCode="0"/>
<Channel Name="C18" Definition="C18-Ref" MasterControl="1" Process="1" ChannelCode="0"/>
<Channel Name="C19" Definition="C19-Ref" MasterControl="1" Process="1" ChannelCode="0"/>
<Channel Name="C20" Definition="C20-Ref" MasterControl="1" Process="1" ChannelCode="0"/>
<Channel Name="C21" Definition="C21-Ref" MasterControl="1" Process="1" ChannelCode="0"/>
<Channel Name="C22" Definition="C22-Ref" MasterControl="1" Process="1" ChannelCode="0"/>
<Channel Name="C23" Definition="C23-Ref" MasterControl="1" Process="1" ChannelCode="0"/>
<Channel Name="C24" Definition="C24-Ref" MasterControl="1" Process="1" ChannelCode="0"/>
<Channel Name="C25" Definition="C25-Ref" MasterControl="1" Process="1" ChannelCode="0"/>
<Channel Name="C26" Definition="C26-Ref" MasterControl="1" Process="1" ChannelCode="0"/>
<Channel Name="C27" Definition="C27-Ref" MasterControl="1" Process="1" ChannelCode="0"/>
<Channel Name="C28" Definition="C28-Ref" MasterControl="1" Process="1" ChannelCode="0"/>
<Channel Name="C29" Definition="C29-Ref" MasterControl="1" Process="1" ChannelCode="0"/>
<Channel Name="C30" Definition="C30-Ref" MasterControl="1" Process="1" ChannelCode="0"/>
<Channel Name="C31" Definition="C31-Ref" MasterControl="1" Process="1" ChannelCode="0"/>
<Channel Name="C32" Definition="C32-Ref" MasterControl="1" Process="1" ChannelCode="0"/>
<Channel Name="C33" Definition="C33-Ref" MasterControl="1" Process="1" ChannelCode="0"/>
<Channel Name="C34" Definition="C34-Ref" MasterControl="1" Process="1" ChannelCode="0"/>
<Channel Name="C35" Definition="C35-Ref" MasterControl="1" Process="1" ChannelCode="0"/>
<Channel Name="C36" Definition="C36-Ref" MasterControl="1" Process="1" ChannelCode="0"/>
<Channel Name="C37" Definition="C37-Ref" MasterControl="1" Process="1" ChannelCode="0"/>
<Channel Name="C38" Definition="C38-Ref" MasterControl="1" Process="1" ChannelCode="0"/>
<Channel Name="C39" Definition="C39-Ref" MasterControl="1" Process="1" ChannelCode="0"/>
<Channel Name="C40" Definition="C40-Ref" MasterControl="1" Process="1" ChannelCode="0"/>
<Channel Name="C41" Definition="C41-Ref" MasterControl="1" Process="1" ChannelCode="0"/>
<Channel Name="C42" Definition="C42-Ref" MasterControl="1" Process="1" ChannelCode="0"/>
<Channel Name="C43" Definition="C43-Ref" MasterControl="1" Process="1" ChannelCode="0"/>
<Channel Name="C44" Definition="C44-Ref" MasterControl="1" Process="1" ChannelCode="0"/>
<Channel Name="C45" Definition="C45-Ref" MasterControl="1" Process="1" ChannelCode="0"/>
<Channel Name="C46" Definition="C46-Ref" MasterControl="1" Process="1" ChannelCode="0"/>
<Channel Name="C47" Definition="C47-Ref" MasterControl="1" Process="1" ChannelCode="0"/>
<Channel Name="C48" Definition="C48-Ref" MasterControl="1" Process="1" ChannelCode="0"/>
<Channel Name="C49" Definition="C49-Ref" MasterControl="1" Process="1" ChannelCode="0"/>
<Channel Name="C50" Definition="C50-Ref" MasterControl="1" Process="1" ChannelCode="0"/>
<Channel Name="C51" Definition="C51-Ref" MasterControl="1" Process="1" ChannelCode="0"/>
<Channel Name="C52" Definition="C52-Ref" MasterControl="1" Process="1" ChannelCode="0"/>
<Channel Name="C53" Definition="C53-Ref" MasterControl="1" Process="1" ChannelCode="0"/>
<Channel Name="C54" Definition="C54-Ref" MasterControl="1" Process="1" ChannelCode="0"/>
<Channel Name="C55" Definition="C55-Ref" MasterControl="1" Process="1" ChannelCode="0"/>
<Channel Name="C56" Definition="C56-Ref" MasterControl="1" Process="1" ChannelCode="0"/>
<Channel Name="C57" Definition="C57-Ref" MasterControl="1" Process="1" ChannelCode="0"/>
<Channel Name="C58" Definition="C58-Ref" MasterControl="1" Process="1" ChannelCode="0"/>
<Channel Name="C59" Definition="C59-Ref" MasterControl="1" Process="1" ChannelCode="0"/>
<Channel Name="C60" Definition="C60-Ref" MasterControl="1" Process="1" ChannelCode="0"/>
<Channel Name="C61" Definition="C61-Ref" MasterControl="1" Process="1" ChannelCode="0"/>
<Channel Name="C62" Definition="C62-Ref" MasterControl="1" Process="1" ChannelCode="0"/>
<Channel Name="C63" Definition="C63-Ref" MasterControl="1" Process="1" ChannelCode="0"/>
<Channel Name="C64" Definition="C64-Ref" MasterControl="1" Process="1" ChannelCode="0"/>
<Channel Name="C65" Definition="C65-Ref" MasterControl="1" Process="1" ChannelCode="0"/>
<Channel Name="C66" Definition="C66-Ref" MasterControl="1" Process="1" ChannelCode="0"/>
<Channel Name="C67" Definition="C67-Ref" MasterControl="1" Process="1" ChannelCode="0"/>
<Channel Name="C68" Definition="C68-Ref" MasterControl="1" Process="1" ChannelCode="0"/>
<Channel Name="C69" Definition="C69-Ref" MasterControl="1" Process="1" ChannelCode="0"/>
<Channel Name="C70" Definition="C70-Ref" MasterControl="1" Process="1" ChannelCode="0"/>
<Channel Name="C71" Definition="C71-Ref" MasterControl="1" Process="1" ChannelCode="0"/>
<Channel Name="C72" Definition="C72-Ref" MasterControl="1" Process="1" ChannelCode="0"/>
<Channel Name="C73" Definition="C73-Ref" MasterControl="1" Process="1" ChannelCode="0"/>
<Channel Name="C74" Definition="C74-Ref" MasterControl="1" Process="1" ChannelCode="0"/>
<Channel Name="C75" Definition="C75-Ref" MasterControl="1" Process="1" ChannelCode="0"/>
<Channel Name="C76" Definition="C76-Ref" MasterControl="1" Process="1" ChannelCode="0"/>
<Channel Name="C77" Definition="C77-Ref" MasterControl="1" Process="1" ChannelCode="0"/>
<Channel Name="C78" Definition="C78-Ref" MasterControl="1" Process="1" ChannelCode="0"/>
<Channel Name="C79" Definition="C79-Ref" MasterControl="1" Process="1" ChannelCode="0"/>
<Channel Name="C80" Definition="C80-Ref" MasterControl="1" Process="1" ChannelCode="0"/>
<Channel Name="C81" Definition="C81-Ref" MasterControl="1" Process="1" ChannelCode="0"/>
<Channel Name="C82" Definition="C82-Ref" MasterControl="1" Process="1" ChannelCode="0"/>
<Channel Name="C83" Definition="C83-Ref" MasterControl="1" Process="1" ChannelCode="0"/>
<Channel Name="C84" Definition="C84-Ref" MasterControl="1" Process="1" ChannelCode="0"/>
<Channel Name="C85" Definition="C85-Ref" MasterControl="1" Process="1" ChannelCode="0"/>
<Channel Name="C86" Definition="C86-Ref" MasterControl="1" Process="1" ChannelCode="0"/>
<Channel Name="C87" Definition="C87-Ref" MasterControl="1" Process="1" ChannelCode="0"/>
<Channel Name="C88" Definition="C88-Ref" MasterControl="1" Process="1" ChannelCode="0"/>
<Channel Name="C89" Definition="C89-Ref" MasterControl="1" Process="1" ChannelCode="0"/>
<Channel Name="C90" Definition="C90-Ref" MasterControl="1" Process="1" ChannelCode="0"/>
<Channel Name="C91" Definition="C91-Ref" MasterControl="1" Process="1" ChannelCode="0"/>
<Channel Name="C92" Definition="C92-Ref" MasterControl="1" Process="1" ChannelCode="0"/>
<Channel Name="C93" Definition="C93-Ref" MasterControl="1" Process="1" ChannelCode="0"/>
<Channel Name="C94" Definition="C94-Ref" MasterControl="1" Process="1" ChannelCode="0"/>
<Channel Name="C95" Definition="C95-Ref" MasterControl="1" Process="1" ChannelCode="0"/>
<Channel Name="C96" Definition="C96-Ref" MasterControl="1" Process="1" ChannelCode="0"/>
<Channel Name="C97" Definition="C97-Ref" MasterControl="1" Process="1" ChannelCode="0"/>
<Channel Name="C98" Definition="C98-Ref" MasterControl="1" Process="1" ChannelCode="0"/>
<Channel Name="C99" Definition="C99-Ref" MasterControl="1" Process="1" ChannelCode="0"/>
<Channel Name="C100" Definition="C100-Ref" MasterControl="1" Process="1" ChannelCode="0"/>
<Channel Name="C101" Definition="C101-Ref" MasterControl="1" Process="1" ChannelCode="0"/>
<Channel Name="C102" Definition="C102-Ref" MasterControl="1" Process="1" ChannelCode="0"/>
<Channel Name="C103" Definition="C103-Ref" MasterControl="1" Process="1" ChannelCode="0"/>
<Channel Name="C104" Definition="C104-Ref" MasterControl="1" Process="1" ChannelCode="0"/>
<Channel Name="C105" Definition="C105-Ref" MasterControl="1" Process="1" ChannelCode="0"/>
<Channel Name="C106" Definition="C106-Ref" MasterControl="1" Process="1" ChannelCode="0"/>
<Channel Name="C107" Definition="C107-Ref" MasterControl="1" Process="1" ChannelCode="0"/>
<Channel Name="C108" Definition="C108-Ref" MasterControl="1" Process="1" ChannelCode="0"/>
<Channel Name="C109" Definition="C109-Ref" MasterControl="1" Process="1" ChannelCode="0"/>
<Channel Name="C110" Definition="C110-Ref" MasterControl="1" Process="1" ChannelCode="0"/>
<Channel Name="C111" Definition="C111-Ref" MasterControl="1" Process="1" ChannelCode="0"/>
<Channel Name="C112" Definition="C112-Ref" MasterControl="1" Process="1" ChannelCode="0"/>
<Channel Name="C113" Definition="C113-Ref" MasterControl="1" Process="1" ChannelCode="0"/>
<Channel Name="C114" Definition="C114-Ref" MasterControl="1" Process="1" ChannelCode="0"/>
<Channel Name="C115" Definition="C115-Ref" MasterControl="1" Process="1" ChannelCode="0"/>
<Channel Name="C116" Definition="C116-Ref" MasterControl="1" Process="1" ChannelCode="0"/>
<Channel Name="C117" Definition="C117-Ref" MasterControl="1" Process="1" ChannelCode="0"/>
<Channel Name="C118" Definition="C118-Ref" MasterControl="1" Process="1" ChannelCode="0"/>
<Channel Name="C119" Definition="C119-Ref" MasterControl="1" Process="1" ChannelCode="0"/>
<Channel Name="C120" Definition="C120-Ref" MasterControl="1" Process="1" ChannelCode="0"/>
<Channel Name="C121" Definition="C121-Ref" MasterControl="1" Process="1" ChannelCode="0"/>
<Channel Name="C122" Definition="C122-Ref" MasterControl="1" Process="1" ChannelCode="0"/>
<Channel Name="C123" Definition="C123-Ref" MasterControl="1" Process="1" ChannelCode="0"/>
<Channel Name="C124" Definition="C124-Ref" MasterControl="1" Process="1" ChannelCode="0"/>
<Channel Name="C125" Definition="C125-Ref" MasterControl="1" Process="1" ChannelCode="0"/>
<Channel Name="C126" Definition="C126-Ref" MasterControl="1" Process="1" ChannelCode="0"/>
<Channel Name="C127" Definition="C127-Ref" MasterControl="1" Process="1" ChannelCode="0"/>
</Montage>
<Settings>
<Event Name="RhythmicBurst" Type="0" Detect="0" Perception="0.1" Duration="4"/>
<Event Name="RhythmicBurst" Type="1" Detect="1" Perception="0.5" Duration="20"/>
</Settings>
</Detector>
</RevealProtocol>
</Protocols>
